epoch,training_time_mean,training_time_dev,total_time
1,18.492714881896973,0.0,18.492714881896973
2,17.266882061958313,1.2258328199386597,34.533764123916626
